businessName,postalZip,address,website,tags
Phasellus Inc.,84238,Ap #246-1992 Sodales Rd.,Phasellus.com,RED;BLUE;
Ridiculus Institute,36553,Ap #650-2107 Hendrerit Av.,Ridiculus.com,ORANGE;INDIGO;
Praesent Eu Dui LLP,94552,"158-1686 Eu, Av.",Praesent.com,GREEN;INDIGO;VIOLET;
Arcu Curabitur Corporation,36799,833-2031 Tellus Rd.,Arcu.com,ORANGE;
Aliquam Adipiscing Lobortis PC,71438,"P.O. Box 137, 5485 Praesent Street",Aliquam.com,GREEN;
Mi Tempor Associates,36842,3056 Sed Road,Mi.com,GREEN;BLUE;
Ante Blandit Viverra LLC,35672,574-2380 Amet Ave,Ante.com,RED;YELLOW;GREEN;VIOLET;
Nam Interdum Corp.,52373,988-5142 Molestie Street,Nam.com,GREEN;BLUE;INDIGO;
Augue Malesuada Limited,32927,9835 Dapibus Road,Augue.com,RED;GREEN;VIOLET;
Tristique Associates,26767,Ap #721-8595 Tincidunt Ave,Tristique.com,RED;ORANGE;BLUE;
Mollis Lectus Inc.,96827,Ap #279-9125 Sit Street,Mollis.com,RED;ORANGE;YELLOW;INDIGO;
Tincidunt Vehicula Company,94631,Ap #793-5266 Donec Av.,Tincidunt.com,RED;YELLOW;BLUE;
Amet Nulla Donec Incorporated,13277,Ap #947-8351 Nunc Avenue,Amet.com,RED;ORANGE;BLUE;VIOLET;
Tincidunt Pede Ac Institute,97242,"391-8529 Purus, St.",Tincidunt.com,INDIGO;
Fusce PC,34635,2240 Nunc St.,Fusce.com,RED;YELLOW;GREEN;INDIGO;
Justo Inc.,75470,789-6548 Donec St.,Justo.com,ORANGE;GREEN;
Id Blandit At Industries,71271,Ap #364-504 Venenatis Street,Id.com,GREEN;INDIGO;
Est Vitae Industries,78825,943-5112 Neque St.,Est.com,RED;YELLOW;
Mi Corp.,55263,807-8895 Eu St.,Mi.com,YELLOW;BLUE;INDIGO;
Justo Foundation,85526,Ap #820-3907 Venenatis St.,Justo.com,VIOLET;
Aliquet Institute,86677,516 Consectetuer Rd.,Aliquet.com,RED;INDIGO;VIOLET;
Morbi Tristique Corporation,99574,907-1125 Tellus St.,Morbi.com,RED;ORANGE;YELLOW;
Et Ultrices Ltd,47873,"P.O. Box 671, 8599 Mi Road",Et.com,ORANGE;YELLOW;
Penatibus Institute,89227,Ap #598-7412 Parturient Rd.,Penatibus.com,INDIGO;VIOLET;
Augue Eu LLP,32746,478-3172 Diam St.,Augue.com,INDIGO;VIOLET;
Duis Risus Odio Associates,91306,7966 Eget Street,Duis.com,ORANGE;GREEN;BLUE;INDIGO;
Fermentum Convallis Ltd,73857,744-2860 Nam Ave,Fermentum.com,INDIGO;
Dictum Proin Eget Consulting,71778,581-1321 Integer Street,Dictum.com,RED;YELLOW;BLUE;
Porta Elit LLP,43629,Ap #335-7893 Nibh Road,Porta.com,INDIGO;
Velit Eu Sem Inc.,73262,2720 Bibendum St.,Velit.com,RED;ORANGE;BLUE;
A Purus Foundation,35951,"P.O. Box 137, 6691 Nulla Av.",A.com,GREEN;BLUE;INDIGO;VIOLET;
Tellus Phasellus Elit PC,13531,"P.O. Box 582, 1188 Nisi St.",Tellus.com,YELLOW;VIOLET;
Amet Risus Consulting,63132,"P.O. Box 604, 9685 Donec Street",Amet.com,ORANGE;INDIGO;VIOLET;
Eleifend Nunc Corporation,71611,Ap #632-4652 Sed Rd.,Eleifend.com,ORANGE;YELLOW;INDIGO;
Non Lobortis Corporation,64004,"514-9826 Eu, Rd.",Non.com,YELLOW;INDIGO;
Ac Sem Foundation,12133,Ap #988-4016 Mauris Ave,Ac.com,ORANGE;GREEN;INDIGO;
Porttitor Vulputate Inc.,71317,"Ap #959-3105 Est, Rd.",Porttitor.com,GREEN;BLUE;VIOLET;
Mus Donec Dignissim Ltd,88108,5841 Euismod Street,Mus.com,ORANGE;GREEN;
Etiam Ligula LLC,34615,4996 Aliquet Rd.,Etiam.com,RED;ORANGE;YELLOW;BLUE;
Posuere Enim Nisl Incorporated,64951,Ap #178-6160 Erat Street,Posuere.com,RED;BLUE;
Sem Egestas Corp.,35635,Ap #533-9205 Cras Ave,Sem.com,RED;ORANGE;INDIGO;VIOLET;
Phasellus Dolor Elit Industries,34393,"P.O. Box 415, 2221 Iaculis Ave",Phasellus.com,ORANGE;GREEN;
Mi Lorem Vehicula Institute,61147,Ap #460-4360 Non Street,Mi.com,YELLOW;GREEN;
Primis In Faucibus Ltd,83336,266-7029 Nisi Road,Primis.com,BLUE;VIOLET;
Cursus Institute,36788,"P.O. Box 455, 4894 Et, Rd.",Cursus.com,GREEN;INDIGO;VIOLET;
Nisl Elementum Ltd,68866,"701-8551 Sed, Rd.",Nisl.com,ORANGE;GREEN;VIOLET;
Nascetur Ridiculus Industries,37706,791-379 Pede. Street,Nascetur.com,RED;YELLOW;GREEN;BLUE;
Eu Incorporated,37958,611-2433 Diam Ave,Eu.com,ORANGE;YELLOW;INDIGO;
Ultrices Sit Company,85212,974-4752 Justo Road,Ultrices.com,ORANGE;BLUE;INDIGO;
Nec Ante Blandit LLP,22654,Ap #153-2389 Eu St.,Nec.com,ORANGE;INDIGO;VIOLET;
Sit Amet Risus Corporation,77255,"P.O. Box 269, 5894 Mauris Road",Sit.com,YELLOW;BLUE;INDIGO;
Et Lacinia Vitae PC,61717,423-8553 Tincidunt St.,Et.com,RED;GREEN;
Adipiscing Lobortis Ltd,91352,Ap #242-4677 Nibh Av.,Adipiscing.com,RED;
Est Nunc Associates,93346,"510-6008 Montes, Rd.",Est.com,YELLOW;GREEN;BLUE;
Mi Ltd,51288,6663 Dis Rd.,Mi.com,YELLOW;INDIGO;VIOLET;
At Iaculis Quis Incorporated,70370,Ap #638-7689 Quisque Road,At.com,RED;ORANGE;YELLOW;BLUE;
A Arcu Industries,42976,6715 Libero. Street,A.com,YELLOW;VIOLET;
Dui Nec Tempus LLP,79535,388-2610 Varius Ave,Dui.com,ORANGE;YELLOW;VIOLET;
Enim Sed Incorporated,56055,Ap #176-2549 Vestibulum Road,Enim.com,RED;GREEN;
Semper Rutrum Corp.,45435,Ap #775-1813 Gravida Rd.,Semper.com,RED;ORANGE;YELLOW;VIOLET;
Auctor Quis Incorporated,86723,"Ap #184-9739 Et, St.",Auctor.com,BLUE;VIOLET;
Semper LLC,88671,787-8740 Mus. St.,Semper.com,RED;ORANGE;BLUE;
A Dui Corporation,26269,Ap #765-4828 Ipsum Rd.,A.com,BLUE;VIOLET;
In LLC,34678,"Ap #987-1249 Elit, Street",In.com,YELLOW;
Tempus Risus Corp.,85727,"P.O. Box 402, 1638 Sit Rd.",Tempus.com,YELLOW;
Est Congue Industries,22823,133-3280 Nonummy Ave,Est.com,ORANGE;BLUE;INDIGO;
Cras LLC,65699,7681 Dui. Rd.,Cras.com,RED;GREEN;VIOLET;
Aliquam Ornare Libero Corp.,53124,"Ap #714-4097 Sem, Av.",Aliquam.com,
Neque Tellus Industries,66485,Ap #983-5530 Porttitor Rd.,Neque.com,VIOLET;
Feugiat Sed Associates,15471,Ap #573-8290 Cursus Av.,Feugiat.com,GREEN;
Nunc Sollicitudin Corporation,24484,2837 Mauris. Rd.,Nunc.com,RED;GREEN;
Non Lacinia PC,76418,Ap #915-8486 Risus. Road,Non.com,YELLOW;BLUE;VIOLET;
Pede Ultrices Corp.,44546,Ap #711-5094 Mi. St.,Pede.com,ORANGE;GREEN;BLUE;
Sed Corp.,53084,Ap #433-7116 Risus. St.,Sed.com,GREEN;BLUE;
Dui Semper Et Limited,70882,"Ap #173-1462 Vestibulum, Road",Dui.com,ORANGE;YELLOW;
Duis Corp.,97247,Ap #782-567 Sed Rd.,Duis.com,YELLOW;BLUE;INDIGO;
Pede Institute,80468,930-2292 Posuere Rd.,Pede.com,BLUE;INDIGO;VIOLET;
Est Ac Inc.,71171,786-2356 Urna St.,Est.com,YELLOW;VIOLET;
Ornare Facilisis Eget Industries,23857,934-300 Mi. Avenue,Ornare.com,RED;INDIGO;VIOLET;
Mauris Vel Institute,97972,"4368 Luctus, Street",Mauris.com,ORANGE;YELLOW;
Senectus Et Incorporated,81758,543-709 Molestie Rd.,Senectus.com,RED;BLUE;
Risus Quisque Libero LLC,57227,Ap #172-1885 Bibendum Avenue,Risus.com,RED;YELLOW;
Blandit At Nisi Company,78776,601-921 Vestibulum Ave,Blandit.com,ORANGE;
Luctus Curabitur Egestas Company,89563,"Ap #857-1774 Aliquet, Road",Luctus.com,INDIGO;VIOLET;
Elit LLC,93746,Ap #883-4608 Purus Avenue,Elit.com,RED;ORANGE;GREEN;VIOLET;
Maecenas Mi Inc.,38610,"P.O. Box 456, 9721 Eget, St.",Maecenas.com,
Euismod Et LLC,31607,"6542 A, Rd.",Euismod.com,ORANGE;GREEN;BLUE;
Sociis Natoque PC,27125,906 Nascetur Road,Sociis.com,GREEN;BLUE;
Ac Mattis LLC,44745,Ap #558-9600 Lorem Rd.,Ac.com,YELLOW;GREEN;
Dictum Inc.,47124,762-6394 Mauris Avenue,Dictum.com,ORANGE;YELLOW;VIOLET;
Facilisis Vitae LLC,99865,Ap #839-1424 Ipsum. Rd.,Facilisis.com,YELLOW;GREEN;INDIGO;VIOLET;
Eleifend Vitae PC,16820,141-8351 Tellus St.,Eleifend.com,ORANGE;GREEN;BLUE;
Sodales At Velit Incorporated,93712,155 Tincidunt Street,Sodales.com,YELLOW;GREEN;
Nisl Industries,55233,"703-3194 Quis, Street",Nisl.com,ORANGE;GREEN;INDIGO;VIOLET;
Ac Feugiat Non Corp.,15454,6382 Lorem Rd.,Ac.com,ORANGE;YELLOW;
A Associates,36660,374-700 Tincidunt Street,A.com,YELLOW;GREEN;
Donec Dignissim Corporation,56726,Ap #643-7578 At Road,Donec.com,YELLOW;BLUE;INDIGO;
Primis In Associates,25599,795-448 Sed Rd.,Primis.com,BLUE;INDIGO;
Dis Parturient Corporation,23778,Ap #792-2452 Tempus St.,Dis.com,ORANGE;
Ultricies Sem PC,96433,406-896 Ornare Ave,Ultricies.com,GREEN;
In Corp.,65575,Ap #789-618 Odio Ave,In.com,RED;VIOLET;
Tincidunt Dui PC,69002,543-8229 Odio Av.,Tincidunt.com,YELLOW;GREEN;INDIGO;
Convallis Institute,27716,Ap #854-5022 Ornare. St.,Convallis.com,RED;ORANGE;
Mauris Quis Turpis LLC,67747,Ap #450-5762 Nullam Rd.,Mauris.com,GREEN;VIOLET;
At Auctor Inc.,31005,"P.O. Box 389, 6037 Mollis Rd.",At.com,ORANGE;BLUE;INDIGO;
Erat Volutpat Nulla Limited,71419,Ap #629-1149 Vitae Ave,Erat.com,YELLOW;INDIGO;
Aliquet Magna Corporation,36631,"P.O. Box 220, 6714 Rutrum Ave",Aliquet.com,GREEN;BLUE;VIOLET;
Semper Dui Industries,58663,1728 Porttitor Rd.,Semper.com,RED;BLUE;
Aliquet Odio Etiam LLP,45585,3560 Eget St.,Aliquet.com,YELLOW;GREEN;BLUE;VIOLET;
Ullamcorper Duis Cursus Corp.,20057,611-4219 Aliquet Ave,Ullamcorper.com,VIOLET;
Curae Phasellus Ltd,29781,738-6332 Suspendisse Rd.,Curae.com,ORANGE;INDIGO;
Porttitor Scelerisque Neque Industries,86816,295 Elit Rd.,Porttitor.com,RED;YELLOW;BLUE;
Nam Tempor Diam PC,50844,Ap #473-856 Magna. Rd.,Nam.com,YELLOW;GREEN;INDIGO;
Mauris Quis LLP,11118,388-3226 Ipsum. St.,Mauris.com,ORANGE;BLUE;VIOLET;
Molestie Tellus Corporation,55540,499-2714 Pede. Rd.,Molestie.com,YELLOW;INDIGO;
Sem Ltd,43034,9488 Eleifend Rd.,Sem.com,RED;YELLOW;BLUE;
Maecenas Associates,54456,"P.O. Box 899, 516 Leo Av.",Maecenas.com,ORANGE;INDIGO;
Morbi Accumsan Limited,53455,Ap #736-1125 Magna Street,Morbi.com,GREEN;BLUE;
Et Rutrum Eu Industries,60053,649-6290 Egestas. Rd.,Et.com,GREEN;BLUE;INDIGO;
Lobortis Quam A Company,24658,5060 Lorem Rd.,Lobortis.com,RED;ORANGE;BLUE;
Erat Sed PC,28314,"P.O. Box 178, 9591 Amet Rd.",Erat.com,GREEN;INDIGO;VIOLET;
Suspendisse Aliquet Molestie Incorporated,24761,1497 Rutrum St.,Suspendisse.com,RED;BLUE;
Sociis Natoque Industries,87384,271-6027 Amet St.,Sociis.com,RED;YELLOW;BLUE;INDIGO;
Malesuada Id Erat Inc.,33212,6860 Neque Ave,Malesuada.com,BLUE;INDIGO;VIOLET;
A Magna Consulting,25230,Ap #663-7119 Tortor. Ave,A.com,RED;
Ligula Eu Enim PC,72847,Ap #439-9519 Nisl. Rd.,Ligula.com,ORANGE;GREEN;INDIGO;VIOLET;
Morbi Metus Vivamus Company,43789,Ap #435-2914 Aenean St.,Morbi.com,RED;ORANGE;GREEN;INDIGO;
Adipiscing Mauris Molestie Corporation,80737,Ap #253-8070 Luctus Av.,Adipiscing.com,ORANGE;
Facilisis Facilisis Associates,80382,"P.O. Box 973, 4509 Aliquam Road",Facilisis.com,YELLOW;
Amet Risus LLC,22977,8087 Justo. Rd.,Amet.com,YELLOW;
Risus Donec Nibh Institute,26556,723-4593 Commodo Ave,Risus.com,RED;YELLOW;GREEN;INDIGO;
Consequat Lectus Sit Institute,44861,"1218 Mauris, Avenue",Consequat.com,ORANGE;BLUE;
Molestie LLC,94206,3013 Sodales Avenue,Molestie.com,RED;GREEN;VIOLET;
Ut Molestie In Industries,93252,"P.O. Box 945, 2176 Taciti Ave",Ut.com,GREEN;INDIGO;
Ante Iaculis Nec Foundation,61125,209-6408 Vestibulum Rd.,Ante.com,ORANGE;GREEN;BLUE;VIOLET;
Tellus Aenean Corp.,39908,874-9223 Sed Street,Tellus.com,ORANGE;
Neque Tellus Imperdiet Corporation,56482,"P.O. Box 848, 1446 In Rd.",Neque.com,VIOLET;
Arcu Nunc Corporation,96763,"P.O. Box 821, 6540 At Av.",Arcu.com,ORANGE;GREEN;
Ac Inc.,38623,Ap #686-6864 Nonummy St.,Ac.com,BLUE;
Lobortis Associates,71110,Ap #905-6263 Cursus St.,Lobortis.com,YELLOW;VIOLET;
Lobortis Quam Corporation,96332,"P.O. Box 337, 1869 Dictum Street",Lobortis.com,ORANGE;
Nunc Mauris Elit Associates,83144,"P.O. Box 922, 6485 Et, Rd.",Nunc.com,YELLOW;VIOLET;
Natoque Penatibus Incorporated,68502,226-2541 Ad Ave,Natoque.com,ORANGE;
Nec Ltd,11458,631-7474 Cursus Avenue,Nec.com,RED;INDIGO;
Dolor Inc.,35783,"P.O. Box 414, 575 Id Ave",Dolor.com,ORANGE;VIOLET;
Diam Luctus Lobortis PC,34343,578-3019 Nullam Av.,Diam.com,ORANGE;YELLOW;GREEN;
Magna Duis Industries,66248,978 Consectetuer Street,Magna.com,ORANGE;YELLOW;VIOLET;
Cursus Consulting,95451,Ap #247-4046 Mattis Road,Cursus.com,RED;INDIGO;VIOLET;
Egestas Aliquam Associates,81147,594-3023 Elementum Ave,Egestas.com,ORANGE;GREEN;INDIGO;VIOLET;
Vestibulum Ut Eros Corporation,70181,"P.O. Box 693, 8782 Sapien, Rd.",Vestibulum.com,YELLOW;GREEN;BLUE;VIOLET;
Neque Sed Dictum Incorporated,44628,"P.O. Box 901, 9695 Feugiat Rd.",Neque.com,
Cursus Diam Industries,90858,"Ap #718-9268 Auctor, Road",Cursus.com,ORANGE;INDIGO;
Enim Non LLC,52540,Ap #121-8729 Nulla. Street,Enim.com,YELLOW;INDIGO;
Amet Consectetuer Limited,83413,Ap #737-7373 Non Ave,Amet.com,RED;BLUE;
Bibendum Fermentum Associates,31314,613-9661 Pede. Street,Bibendum.com,RED;YELLOW;GREEN;VIOLET;
Eleifend Vitae Erat LLP,67034,Ap #454-4023 Consectetuer St.,Eleifend.com,ORANGE;YELLOW;GREEN;
Mauris Institute,29757,Ap #202-9023 Cursus St.,Mauris.com,ORANGE;
A Mi Incorporated,72022,963-4006 Morbi Ave,A.com,YELLOW;BLUE;
Lacus Corp.,82754,393-3805 Risus Rd.,Lacus.com,YELLOW;GREEN;INDIGO;
Sem Egestas Blandit Industries,56336,Ap #458-9907 Amet Rd.,Sem.com,RED;GREEN;INDIGO;VIOLET;
Amet Luctus Industries,64604,988-8783 Bibendum Av.,Amet.com,RED;ORANGE;GREEN;VIOLET;
Lacinia Foundation,21769,"P.O. Box 773, 4634 Lorem St.",Lacinia.com,ORANGE;YELLOW;
Enim Commodo Institute,44977,2649 Dolor Ave,Enim.com,RED;GREEN;
Lorem Foundation,46744,384-8769 Hendrerit. Rd.,Lorem.com,YELLOW;BLUE;VIOLET;
Aliquam Tincidunt Industries,64231,9261 Ut St.,Aliquam.com,RED;YELLOW;INDIGO;
Litora Torquent Consulting,27782,373-4726 Inceptos Avenue,Litora.com,YELLOW;GREEN;BLUE;
Vitae Institute,93738,Ap #886-6323 Curabitur Avenue,Vitae.com,RED;BLUE;INDIGO;VIOLET;
Sed Neque Incorporated,88765,"P.O. Box 980, 5856 Augue Rd.",Sed.com,ORANGE;VIOLET;
Phasellus In Industries,94218,Ap #929-264 Commodo Avenue,Phasellus.com,RED;YELLOW;
Nulla Donec Ltd,72215,166-3884 Dis St.,Nulla.com,VIOLET;
Varius Ultrices Foundation,93206,"P.O. Box 271, 2179 Interdum. Road",Varius.com,ORANGE;BLUE;VIOLET;
Dui Suspendisse Ac Institute,61447,3175 Ultrices. Rd.,Dui.com,RED;INDIGO;
Varius Orci Corp.,92288,342-5223 Sit Road,Varius.com,GREEN;INDIGO;
Aliquet Metus LLC,25859,696-8656 Donec Ave,Aliquet.com,GREEN;
Varius Et Euismod LLP,61668,882-4419 Semper. Ave,Varius.com,ORANGE;GREEN;VIOLET;
Diam Vel Arcu Foundation,73869,160-2201 Scelerisque Road,Diam.com,BLUE;
Erat Nonummy Ultricies Associates,46704,"P.O. Box 433, 5117 Nam St.",Erat.com,GREEN;BLUE;
Vivamus Non Lorem PC,99823,1946 At Rd.,Vivamus.com,YELLOW;VIOLET;
Magna Lorem Ipsum PC,51088,8078 Ornare Avenue,Magna.com,BLUE;VIOLET;
Proin Dolor Nulla Associates,62664,"P.O. Box 544, 9271 Erat Avenue",Proin.com,INDIGO;VIOLET;
Dui Augue Inc.,38848,"492-3633 Tempus, Road",Dui.com,YELLOW;BLUE;INDIGO;
Luctus Et Ultrices Ltd,33333,Ap #540-569 Elit Rd.,Luctus.com,INDIGO;
Sollicitudin Limited,97141,Ap #262-8454 Nulla St.,Sollicitudin.com,RED;YELLOW;VIOLET;
Aliquam Erat Corp.,40211,Ap #324-7366 Morbi Avenue,Aliquam.com,ORANGE;GREEN;BLUE;
Ipsum Corporation,56761,576-3222 Nunc St.,Ipsum.com,YELLOW;
Dictum Magna Limited,47424,220-357 Lorem Av.,Dictum.com,YELLOW;BLUE;
Enim Incorporated,73791,5668 Proin Av.,Enim.com,ORANGE;GREEN;VIOLET;
Mauris Blandit Mattis PC,58146,142-9670 Sed Av.,Mauris.com,ORANGE;VIOLET;
Arcu Industries,48294,Ap #425-6303 Egestas. St.,Arcu.com,RED;BLUE;INDIGO;VIOLET;
Scelerisque Mollis Corporation,43234,Ap #443-8816 Sociis Street,Scelerisque.com,YELLOW;
Fringilla LLC,17943,743-2554 Lorem St.,Fringilla.com,ORANGE;YELLOW;GREEN;VIOLET;
Sed Turpis Industries,88732,474-3732 Id Rd.,Sed.com,RED;ORANGE;INDIGO;
Quis Urna Associates,43886,"625-6706 Auctor, St.",Quis.com,YELLOW;
Pellentesque Incorporated,87863,Ap #781-9638 Nunc Av.,Pellentesque.com,YELLOW;GREEN;INDIGO;
Mauris Vestibulum Neque LLP,72572,9407 Vehicula St.,Mauris.com,ORANGE;YELLOW;
Est Mollis Non Corporation,73174,"P.O. Box 700, 6508 Eu Rd.",Est.com,ORANGE;VIOLET;
Sit Amet Associates,72312,241-4125 Consectetuer Street,Sit.com,ORANGE;BLUE;
Felis Corporation,85609,Ap #744-6724 Ac St.,Felis.com,RED;YELLOW;
Sed Neque Inc.,37063,458-9261 Sit Avenue,Sed.com,YELLOW;VIOLET;
Velit Egestas Lacinia LLC,14127,8442 Sit Ave,Velit.com,ORANGE;GREEN;VIOLET;
Id LLP,18407,"937-3607 Dui, Rd.",Id.com,GREEN;BLUE;
Lacus Incorporated,20352,701-5218 Lorem Street,Lacus.com,ORANGE;YELLOW;BLUE;INDIGO;
At Risus Nunc Institute,45689,"P.O. Box 571, 1794 Luctus Road",At.com,YELLOW;GREEN;VIOLET;
Magna Cras LLP,15357,743-256 Metus St.,Magna.com,GREEN;INDIGO;
Lobortis Ultrices Vivamus Corporation,86460,192-5776 Vitae Street,Lobortis.com,BLUE;
Elit Pede Malesuada PC,61679,3475 Lacus. Road,Elit.com,BLUE;
Et Eros Ltd,38158,"P.O. Box 923, 2654 Et Street",Et.com,BLUE;
Duis Gravida Ltd,84764,347-9397 Eros Av.,Duis.com,RED;
In Scelerisque LLP,66838,Ap #731-3021 Tempor Rd.,In.com,GREEN;INDIGO;
Proin Ultrices Corp.,74916,"P.O. Box 684, 7007 Est Rd.",Proin.com,GREEN;VIOLET;
Et Magnis Limited,26171,Ap #525-4528 Placerat. Rd.,Et.com,RED;INDIGO;VIOLET;
Volutpat Nunc Foundation,85524,846-8508 Faucibus Ave,Volutpat.com,RED;GREEN;INDIGO;
Morbi Sit Incorporated,45463,698-5404 In Avenue,Morbi.com,ORANGE;
Ac Ipsum Incorporated,68310,618-9364 Fringilla Rd.,Ac.com,RED;ORANGE;INDIGO;
Rutrum Lorem Ac Incorporated,86831,"P.O. Box 616, 609 A Road",Rutrum.com,YELLOW;VIOLET;
Mattis Semper Corp.,31074,508-9315 Pharetra Ave,Mattis.com,GREEN;VIOLET;
Gravida Corp.,97082,Ap #271-7249 Rhoncus. Ave,Gravida.com,GREEN;VIOLET;
Adipiscing Enim Industries,78256,Ap #818-8045 Vestibulum St.,Adipiscing.com,ORANGE;YELLOW;GREEN;
Sit Amet Industries,92395,"P.O. Box 786, 7714 Proin Ave",Sit.com,YELLOW;GREEN;
Eu Company,30251,"P.O. Box 260, 9926 Ornare Ave",Eu.com,GREEN;
Non Quam Institute,72697,364-5152 Tristique Street,Non.com,ORANGE;GREEN;VIOLET;
Vel Pede Blandit Industries,54467,Ap #226-709 Etiam Avenue,Vel.com,GREEN;BLUE;VIOLET;
Nisi Magna Sed LLP,45717,358-9827 Nec Avenue,Nisi.com,RED;ORANGE;GREEN;VIOLET;
Non Egestas Inc.,58453,163-8134 Quam. Rd.,Non.com,RED;VIOLET;
Molestie Orci Tincidunt Corp.,62249,163-8872 Tellus Avenue,Molestie.com,ORANGE;YELLOW;GREEN;
Ornare Industries,48817,"358-4166 Nec, Road",Ornare.com,BLUE;INDIGO;
Et Foundation,78517,3656 Tortor. Rd.,Et.com,GREEN;INDIGO;
Dis Parturient Industries,81288,920 Euismod Rd.,Dis.com,BLUE;INDIGO;
Eget Lacus LLC,57288,Ap #649-687 Quis St.,Eget.com,YELLOW;
Augue Industries,72328,472-6254 Vitae Rd.,Augue.com,RED;ORANGE;VIOLET;
Semper Erat Industries,80330,632-5806 Semper. St.,Semper.com,BLUE;
Nulla Tempor Augue Inc.,41787,"P.O. Box 573, 5606 Proin Street",Nulla.com,GREEN;BLUE;
Sed Hendrerit Foundation,25722,304-8528 Gravida. Avenue,Sed.com,ORANGE;YELLOW;
Dolor Vitae Incorporated,73628,413-9357 Metus Ave,Dolor.com,ORANGE;YELLOW;VIOLET;
Nullam Vitae Institute,44136,6001 Erat. Ave,Nullam.com,GREEN;
Non Luctus Sit Institute,55318,Ap #315-6450 Tellus. Rd.,Non.com,RED;YELLOW;INDIGO;VIOLET;
Arcu LLC,72399,801-4192 Egestas Avenue,Arcu.com,RED;ORANGE;GREEN;VIOLET;
Vitae Erat PC,59923,"944-2871 Nec, Avenue",Vitae.com,GREEN;BLUE;INDIGO;
Mauris Ut LLC,56634,Ap #799-3661 Libero Av.,Mauris.com,ORANGE;GREEN;VIOLET;
Velit Associates,67520,5501 Erat Street,Velit.com,RED;
Fermentum Vel Mauris Foundation,65883,"Ap #509-5056 Vitae, St.",Fermentum.com,GREEN;INDIGO;
Ligula Foundation,85953,113-8273 Cras Street,Ligula.com,GREEN;BLUE;
Nulla Magna Malesuada Corporation,81421,529-8849 Dui St.,Nulla.com,GREEN;VIOLET;
Et Inc.,31155,5176 Urna St.,Et.com,RED;BLUE;INDIGO;
Magnis LLP,74917,909-1566 Eu St.,Magnis.com,YELLOW;INDIGO;VIOLET;
Sit Amet Faucibus Inc.,76103,726-2757 Nonummy Ave,Sit.com,ORANGE;GREEN;
Nunc Est Ltd,61582,"P.O. Box 867, 2165 Non, Rd.",Nunc.com,
Sagittis Felis Donec Institute,10730,8897 Tristique Av.,Sagittis.com,ORANGE;BLUE;VIOLET;
Eu Accumsan LLP,95627,771-2922 Pede. Ave,Eu.com,ORANGE;GREEN;VIOLET;
Et Ltd,34853,4669 Ipsum Street,Et.com,RED;VIOLET;
Sodales Mauris Consulting,38770,"5418 A, Rd.",Sodales.com,BLUE;INDIGO;
Id Corporation,29296,"P.O. Box 109, 4720 Integer Av.",Id.com,GREEN;
Aenean LLC,47177,Ap #861-5988 Cum Ave,Aenean.com,YELLOW;BLUE;
Nunc Nulla Ltd,95378,Ap #642-3665 Eu Road,Nunc.com,YELLOW;INDIGO;
Elit LLC,87613,"P.O. Box 789, 8854 Lectus. Av.",Elit.com,ORANGE;BLUE;INDIGO;
Placerat Augue PC,60427,1945 Nulla. Rd.,Placerat.com,ORANGE;BLUE;INDIGO;
Feugiat Nec Inc.,86478,Ap #122-8415 Enim Av.,Feugiat.com,RED;VIOLET;
Arcu Imperdiet Ullamcorper PC,74286,Ap #865-1916 Leo. Avenue,Arcu.com,VIOLET;
Vel Venenatis Vel PC,51913,987-8401 Lorem Rd.,Vel.com,RED;GREEN;
Gravida Praesent Eu Limited,28921,7553 Venenatis St.,Gravida.com,RED;ORANGE;
Sed Incorporated,88503,"P.O. Box 770, 5309 Nec Av.",Sed.com,ORANGE;BLUE;
Commodo PC,50182,Ap #979-6372 A Road,Commodo.com,RED;ORANGE;GREEN;BLUE;
Ut LLP,94214,8073 Neque. Street,Ut.com,RED;ORANGE;VIOLET;
Nullam Feugiat Institute,85791,Ap #228-2578 Nisi Rd.,Nullam.com,RED;VIOLET;
Ornare Tortor Consulting,43617,686-8250 Purus. St.,Ornare.com,RED;ORANGE;
Phasellus Libero Corp.,77688,Ap #508-4701 Eget Street,Phasellus.com,RED;ORANGE;VIOLET;
Pellentesque Sed Ltd,28803,745-6509 Placerat Ave,Pellentesque.com,VIOLET;
Donec Porttitor Company,47864,372-1521 Lorem Av.,Donec.com,ORANGE;BLUE;INDIGO;VIOLET;
Montes Nascetur Consulting,54636,160-7260 Tincidunt Av.,Montes.com,RED;YELLOW;
Sed Consulting,68189,473-3147 Egestas. Ave,Sed.com,RED;ORANGE;YELLOW;INDIGO;
Eu Neque LLP,50495,166-263 Mus. St.,Eu.com,RED;ORANGE;GREEN;
Lorem Industries,71460,"Ap #872-6609 Iaculis, Rd.",Lorem.com,INDIGO;
Amet Consectetuer Incorporated,65032,Ap #689-8713 In St.,Amet.com,RED;YELLOW;
In Faucibus Associates,68445,Ap #710-9374 Et St.,In.com,INDIGO;VIOLET;
Nam Porttitor Consulting,79884,"P.O. Box 527, 2965 Ultrices Av.",Nam.com,YELLOW;BLUE;INDIGO;
Ut Mi Ltd,52281,715-5812 Malesuada Av.,Ut.com,RED;YELLOW;GREEN;INDIGO;
Pellentesque Corp.,37968,900-2287 Porttitor Rd.,Pellentesque.com,RED;GREEN;
Duis Volutpat Corporation,60922,Ap #948-9766 Interdum. Rd.,Duis.com,BLUE;
Aenean Egestas Foundation,80811,"P.O. Box 508, 1208 Consectetuer, Road",Aenean.com,BLUE;VIOLET;
Semper Et Corp.,26684,"P.O. Box 291, 9201 Tellus, Street",Semper.com,YELLOW;INDIGO;
Semper Cursus Inc.,46235,"479-5137 Ullamcorper, Rd.",Semper.com,ORANGE;INDIGO;VIOLET;
Curabitur Vel Lectus Corporation,72602,1121 Id Rd.,Curabitur.com,YELLOW;VIOLET;
Arcu Sed Consulting,42277,2110 Enim. Avenue,Arcu.com,ORANGE;GREEN;
At Iaculis Industries,81846,"Ap #892-5743 Erat, Road",At.com,GREEN;
Egestas Rhoncus LLP,42794,"P.O. Box 788, 9084 At Ave",Egestas.com,YELLOW;INDIGO;
Ultricies Ligula Nullam Ltd,31646,"P.O. Box 536, 7202 Sem Road",Ultricies.com,GREEN;BLUE;
Nibh Quisque Institute,69326,Ap #666-4229 Vestibulum Road,Nibh.com,ORANGE;YELLOW;INDIGO;
At Egestas A Associates,85242,"P.O. Box 407, 7192 Nunc Rd.",At.com,YELLOW;BLUE;INDIGO;
Elit Elit Fermentum LLP,58726,168-915 Malesuada St.,Elit.com,BLUE;VIOLET;
Justo Sit LLP,23621,"P.O. Box 820, 5193 Pede Av.",Justo.com,ORANGE;GREEN;BLUE;
Lacus Incorporated,69043,Ap #953-7298 Nunc Avenue,Lacus.com,YELLOW;GREEN;BLUE;
Quisque Purus Corporation,85094,920-8852 Quisque Rd.,Quisque.com,ORANGE;INDIGO;VIOLET;
Et Pede Associates,99578,Ap #783-1432 Tempor Rd.,Et.com,ORANGE;GREEN;
Semper Tellus Corporation,45093,Ap #790-4616 Interdum Rd.,Semper.com,BLUE;INDIGO;
Pede Suspendisse Institute,70278,Ap #122-7585 Feugiat Av.,Pede.com,ORANGE;YELLOW;GREEN;VIOLET;
Aliquet Lobortis Corporation,14350,7424 Porttitor Road,Aliquet.com,INDIGO;
A Facilisis Foundation,91410,500-3628 Purus. Avenue,A.com,INDIGO;VIOLET;
Sed Neque Sed Corp.,71573,"P.O. Box 222, 4000 Ut Street",Sed.com,GREEN;BLUE;INDIGO;VIOLET;
Cursus Luctus Corp.,21214,273-5710 A Rd.,Cursus.com,YELLOW;GREEN;VIOLET;
Dictum Sapien Institute,53009,3692 Euismod St.,Dictum.com,GREEN;INDIGO;
Sed Incorporated,71374,4676 Senectus St.,Sed.com,RED;
Phasellus Vitae Mauris PC,22325,"P.O. Box 382, 798 Lectus Rd.",Phasellus.com,YELLOW;GREEN;INDIGO;VIOLET;
Est Nunc Company,86390,378-3815 Pellentesque St.,Est.com,RED;BLUE;INDIGO;
Vitae Aliquet Ltd,25464,658-5413 Molestie Avenue,Vitae.com,ORANGE;YELLOW;GREEN;BLUE;
Urna Limited,87401,8710 Cum Street,Urna.com,RED;YELLOW;INDIGO;VIOLET;
Gravida Nunc Sed Incorporated,78724,444-6024 Sit Rd.,Gravida.com,GREEN;BLUE;VIOLET;
Vitae Sodales LLP,46622,Ap #882-4419 Ipsum Road,Vitae.com,ORANGE;BLUE;
Nunc Inc.,43782,"561-8977 At, Street",Nunc.com,ORANGE;VIOLET;
Non Egestas A LLC,57117,482-5352 Fusce St.,Non.com,YELLOW;GREEN;
Risus At Industries,75374,4008 A Av.,Risus.com,GREEN;INDIGO;
Iaculis Nec Industries,86288,8478 Integer Ave,Iaculis.com,ORANGE;
Curabitur Sed Company,33325,543-7427 Odio St.,Curabitur.com,RED;ORANGE;GREEN;BLUE;
Posuere Vulputate Institute,37965,"P.O. Box 872, 970 Scelerisque Ave",Posuere.com,ORANGE;GREEN;BLUE;VIOLET;
Sem Elit Corporation,64912,365-6590 Proin Av.,Sem.com,ORANGE;VIOLET;
Per Conubia Nostra LLP,65314,Ap #362-4666 Erat Rd.,Per.com,BLUE;INDIGO;
Facilisis Facilisis Inc.,87178,Ap #593-3723 Leo. St.,Facilisis.com,ORANGE;VIOLET;
Nunc LLP,70566,774-1084 Erat Rd.,Nunc.com,RED;YELLOW;GREEN;BLUE;
Cursus In Industries,95629,266-2949 Diam. Av.,Cursus.com,ORANGE;BLUE;VIOLET;
Molestie Sodales Inc.,18678,776-3897 Nec Avenue,Molestie.com,BLUE;INDIGO;VIOLET;
Mi Aliquam Gravida Limited,42453,Ap #723-1578 Sed Rd.,Mi.com,ORANGE;
Magna Lorem LLC,61455,187-8536 Nunc St.,Magna.com,BLUE;INDIGO;
Lectus Sit Company,40019,Ap #222-9907 Malesuada St.,Lectus.com,ORANGE;GREEN;VIOLET;
Pharetra Felis Eget Institute,34777,"P.O. Box 495, 8821 Nullam Street",Pharetra.com,GREEN;INDIGO;VIOLET;
Viverra Maecenas Iaculis Limited,94146,Ap #929-4447 Sit Rd.,Viverra.com,RED;ORANGE;YELLOW;BLUE;
Erat In Consectetuer Limited,72743,"P.O. Box 244, 4500 Lectus. Avenue",Erat.com,GREEN;INDIGO;VIOLET;
Sed Leo LLP,52351,"P.O. Box 167, 6754 Aliquet. Ave",Sed.com,INDIGO;VIOLET;
Vitae Aliquam Corporation,38112,4213 Dictum Ave,Vitae.com,GREEN;
Etiam Inc.,37238,"P.O. Box 244, 4178 Adipiscing Avenue",Etiam.com,ORANGE;BLUE;
Imperdiet Ornare Incorporated,72567,Ap #549-6232 Senectus Avenue,Imperdiet.com,INDIGO;
Mauris Ut Quam Institute,85764,"P.O. Box 376, 3808 Donec Street",Mauris.com,YELLOW;GREEN;
Parturient Montes Inc.,99939,"Ap #252-3564 Egestas, Ave",Parturient.com,ORANGE;
Nec Leo Limited,37814,623-5827 Cursus St.,Nec.com,RED;ORANGE;YELLOW;INDIGO;
Aliquam Nisl LLC,24256,340-3112 Ac Street,Aliquam.com,RED;GREEN;INDIGO;VIOLET;
Pede Nonummy LLP,24233,"P.O. Box 720, 4474 Commodo St.",Pede.com,YELLOW;GREEN;
Mauris Ut Mi Inc.,87690,176-9267 Mi Ave,Mauris.com,YELLOW;GREEN;VIOLET;
Fringilla Institute,56162,244-6283 Amet Street,Fringilla.com,ORANGE;YELLOW;GREEN;INDIGO;
Fringilla Est LLC,89850,919-6575 Dapibus Rd.,Fringilla.com,YELLOW;
Turpis Egestas PC,96338,294-4426 Et Street,Turpis.com,RED;YELLOW;GREEN;VIOLET;
Quisque Porttitor Associates,64717,"P.O. Box 399, 9014 At, Street",Quisque.com,BLUE;
Cursus Diam At LLP,37812,876-3855 Nulla Rd.,Cursus.com,BLUE;INDIGO;
Ac Mattis Velit LLC,15087,Ap #105-4961 Arcu. Road,Ac.com,ORANGE;YELLOW;
Dis Parturient LLP,22766,860-5472 Ultrices Rd.,Dis.com,GREEN;BLUE;
Magna A Neque Consulting,77927,Ap #908-7856 Mollis. Road,Magna.com,ORANGE;YELLOW;
Turpis Vitae Associates,25576,Ap #519-5320 Nunc St.,Turpis.com,ORANGE;VIOLET;
Mus Aenean Industries,86261,Ap #128-789 Ligula St.,Mus.com,ORANGE;GREEN;VIOLET;
Risus Morbi Metus Foundation,75072,788-3602 Purus Avenue,Risus.com,RED;ORANGE;
Est Limited,19877,Ap #875-5570 Ac Avenue,Est.com,RED;YELLOW;INDIGO;
Porta Elit LLP,65306,422-1200 Cum St.,Porta.com,GREEN;INDIGO;
At Auctor Ullamcorper LLC,42626,Ap #319-2200 Proin Av.,At.com,YELLOW;INDIGO;VIOLET;
Orci Tincidunt Company,27947,712-4140 Semper. Road,Orci.com,RED;ORANGE;YELLOW;INDIGO;
At Arcu Industries,73785,"P.O. Box 905, 5073 Sem. Rd.",At.com,YELLOW;BLUE;INDIGO;
Morbi Neque Tellus Inc.,88101,"P.O. Box 760, 2307 Tincidunt St.",Morbi.com,GREEN;
Mauris Company,56873,Ap #622-7707 Ligula Avenue,Mauris.com,ORANGE;YELLOW;INDIGO;
Ante Lectus Convallis Limited,77313,Ap #201-4043 Donec Rd.,Ante.com,INDIGO;VIOLET;
Iaculis Aliquet Diam LLC,20867,Ap #302-6828 Magna. Street,Iaculis.com,GREEN;VIOLET;
Diam Eu Foundation,15883,4468 Donec Road,Diam.com,BLUE;INDIGO;
Ac Nulla In Foundation,36175,906-3039 Etiam Rd.,Ac.com,INDIGO;VIOLET;
Dictum Eleifend Associates,81431,Ap #353-6050 Senectus Avenue,Dictum.com,ORANGE;YELLOW;GREEN;VIOLET;
Fringilla LLC,72135,"2224 Ac, Street",Fringilla.com,GREEN;BLUE;INDIGO;
A Neque LLC,75558,833-9731 Magna Avenue,A.com,GREEN;BLUE;INDIGO;
Tempus Scelerisque LLP,46225,"885-4754 Elit, St.",Tempus.com,BLUE;INDIGO;
Nunc Commodo PC,26445,"6257 Pede, Avenue",Nunc.com,ORANGE;
Eu Dui Inc.,56941,1118 Interdum Road,Eu.com,VIOLET;
Vitae LLP,71422,"Ap #592-3899 Eu, Ave",Vitae.com,VIOLET;
At Pretium Aliquet LLC,94821,Ap #764-8589 Dolor St.,At.com,RED;BLUE;INDIGO;
A Feugiat Tellus Corp.,81390,"P.O. Box 137, 7617 Aenean Ave",A.com,YELLOW;GREEN;BLUE;
Justo Eu Arcu Institute,61011,"Ap #978-2605 Lobortis, Rd.",Justo.com,GREEN;
Neque Non Corp.,87309,809-7630 Ante St.,Neque.com,YELLOW;GREEN;BLUE;INDIGO;
Euismod Corp.,86119,"P.O. Box 706, 4544 Amet, Avenue",Euismod.com,YELLOW;
Vehicula Pellentesque Consulting,79978,930-7671 Magna. Avenue,Vehicula.com,INDIGO;VIOLET;
Lectus Rutrum LLC,91032,Ap #454-5774 Non Road,Lectus.com,ORANGE;VIOLET;
Vulputate Velit Incorporated,99567,648-4119 Ultricies St.,Vulputate.com,RED;ORANGE;YELLOW;VIOLET;
Sed Leo Cras PC,23569,Ap #547-3859 Proin St.,Sed.com,GREEN;VIOLET;
Class Aptent Incorporated,97673,790-3809 Fusce Road,Class.com,BLUE;VIOLET;
Ornare LLC,46275,"P.O. Box 630, 116 Tempor Ave",Ornare.com,VIOLET;
Pellentesque PC,87182,Ap #949-7804 Ac Rd.,Pellentesque.com,RED;BLUE;VIOLET;
Enim Commodo Ltd,58764,Ap #503-4198 Varius Road,Enim.com,ORANGE;YELLOW;INDIGO;
Luctus Et Foundation,45673,Ap #988-2361 Quisque St.,Luctus.com,BLUE;
Facilisis Facilisis Magna PC,27085,580-3550 Dolor Road,Facilisis.com,GREEN;
Ligula Nullam LLP,46738,"P.O. Box 108, 9134 Orci Rd.",Ligula.com,YELLOW;BLUE;
Cum Sociis Inc.,28503,5440 Interdum St.,Cum.com,YELLOW;BLUE;INDIGO;
Ornare Institute,73171,721-7982 Fusce Ave,Ornare.com,YELLOW;VIOLET;
Nulla Integer Vulputate Associates,76578,3322 Pede. Road,Nulla.com,YELLOW;
Tincidunt Company,86143,Ap #522-6615 In Road,Tincidunt.com,INDIGO;
Libero Foundation,53077,477-3485 Ac Road,Libero.com,RED;INDIGO;
Ac Associates,65236,"P.O. Box 140, 4619 Id, Avenue",Ac.com,YELLOW;INDIGO;VIOLET;
Donec Foundation,47639,291-9403 Erat. Rd.,Donec.com,RED;YELLOW;GREEN;
Ullamcorper Duis Corp.,35188,"981-5974 Convallis, Road",Ullamcorper.com,ORANGE;YELLOW;GREEN;
Egestas Fusce Associates,42143,6161 Imperdiet Rd.,Egestas.com,YELLOW;GREEN;BLUE;VIOLET;
Dui Nec LLC,30803,"Ap #487-1941 At, Road",Dui.com,ORANGE;YELLOW;INDIGO;
Tristique Ltd,78233,Ap #160-6868 Nunc Street,Tristique.com,YELLOW;BLUE;VIOLET;
Et Malesuada Incorporated,72887,169-6189 Tempor Ave,Et.com,RED;GREEN;INDIGO;
Vel Lectus Consulting,65065,Ap #411-3983 Sit Rd.,Vel.com,RED;ORANGE;VIOLET;
Mi Enim Condimentum Associates,86165,Ap #906-8288 Donec Road,Mi.com,ORANGE;VIOLET;
Lobortis Consulting,41271,Ap #347-1771 Nulla Road,Lobortis.com,YELLOW;BLUE;
Sit Industries,49129,868-6017 Morbi Rd.,Sit.com,BLUE;INDIGO;
Nunc In At Inc.,85679,Ap #446-2297 Mauris Avenue,Nunc.com,BLUE;INDIGO;
Porttitor Scelerisque Inc.,37583,"224-4984 Id, St.",Porttitor.com,ORANGE;
Natoque Penatibus PC,83650,713-3319 Eleifend. Street,Natoque.com,RED;GREEN;
Sodales Consulting,73748,Ap #718-6803 Sed Av.,Sodales.com,ORANGE;YELLOW;INDIGO;
Libero Dui Nec PC,91874,"P.O. Box 375, 7125 Molestie Street",Libero.com,YELLOW;VIOLET;
Semper Tellus Id Corp.,87640,341-8375 Pharetra Road,Semper.com,GREEN;VIOLET;
Auctor Foundation,98255,Ap #811-7414 Elit Road,Auctor.com,RED;VIOLET;
Risus Donec Company,35459,465-1758 Sit Av.,Risus.com,RED;ORANGE;GREEN;INDIGO;
Ut Molestie Foundation,12574,244-4932 Feugiat Avenue,Ut.com,GREEN;BLUE;VIOLET;
Molestie Orci Industries,47796,Ap #554-1612 Odio Rd.,Molestie.com,RED;ORANGE;YELLOW;
Convallis Corporation,68659,Ap #865-3326 Ac Street,Convallis.com,ORANGE;GREEN;BLUE;INDIGO;
Fusce PC,15968,395-1836 Velit. Av.,Fusce.com,YELLOW;
Ultrices Vivamus PC,60075,726-2678 Placerat St.,Ultrices.com,ORANGE;GREEN;INDIGO;
Arcu Vestibulum Corp.,32815,"P.O. Box 210, 5894 Tempor Ave",Arcu.com,ORANGE;GREEN;BLUE;INDIGO;
Torquent Institute,26024,Ap #649-8252 Turpis Street,Torquent.com,ORANGE;
Euismod Urna PC,41364,"P.O. Box 545, 3512 Lacinia St.",Euismod.com,GREEN;
Mauris Nulla Integer LLP,34156,"P.O. Box 420, 4849 Arcu Road",Mauris.com,BLUE;
Tempus Eu Corp.,57280,6252 Amet Rd.,Tempus.com,ORANGE;YELLOW;INDIGO;VIOLET;
At Iaculis Quis LLC,77402,6411 Molestie Road,At.com,RED;BLUE;INDIGO;
Aliquet Phasellus LLP,74082,"986-8866 Vel, Road",Aliquet.com,GREEN;VIOLET;
Adipiscing Elit Curabitur Corp.,99852,413-9649 Tortor. Road,Adipiscing.com,RED;GREEN;BLUE;INDIGO;
Augue Ut Lacus Industries,86284,"P.O. Box 832, 5689 Nunc Rd.",Augue.com,GREEN;VIOLET;
Eu Placerat Associates,52266,Ap #744-6277 Adipiscing Rd.,Eu.com,YELLOW;VIOLET;
Erat Sed Consulting,86866,"P.O. Box 506, 5009 Ornare Rd.",Erat.com,GREEN;VIOLET;
Fermentum Fermentum Arcu Corp.,71147,340-6837 Cursus St.,Fermentum.com,ORANGE;YELLOW;INDIGO;
Lorem Inc.,54419,231-6333 Quisque Avenue,Lorem.com,RED;BLUE;INDIGO;
Sed Corporation,39846,1913 Maecenas Av.,Sed.com,ORANGE;YELLOW;BLUE;
Posuere At Ltd,28746,"P.O. Box 392, 2219 Dis Avenue",Posuere.com,GREEN;BLUE;INDIGO;VIOLET;
Sem Pellentesque LLC,58258,"P.O. Box 940, 5381 Sagittis Av.",Sem.com,YELLOW;GREEN;INDIGO;
Massa Rutrum Consulting,93454,1733 Sit St.,Massa.com,RED;BLUE;VIOLET;
Elit Curabitur Corp.,53625,4370 Semper. Street,Elit.com,BLUE;
Nec Associates,40372,7009 Justo St.,Nec.com,ORANGE;YELLOW;
Dis Parturient Montes Inc.,32648,"Ap #349-2682 Luctus, Ave",Dis.com,ORANGE;GREEN;INDIGO;
Facilisis Facilisis LLP,96782,Ap #328-6992 Neque Street,Facilisis.com,RED;YELLOW;INDIGO;
Lacus Pede Foundation,52553,Ap #378-188 Condimentum Rd.,Lacus.com,GREEN;BLUE;
Nulla Dignissim Incorporated,77384,292-619 Cras Rd.,Nulla.com,RED;ORANGE;
Duis Limited,22121,615-5023 Sapien. Rd.,Duis.com,GREEN;BLUE;INDIGO;VIOLET;
Leo Elementum PC,57794,3574 Cursus Street,Leo.com,ORANGE;GREEN;BLUE;
Et Rutrum Corporation,86681,Ap #559-9899 Est. Road,Et.com,RED;INDIGO;
Enim Ltd,35384,"P.O. Box 338, 727 Tellus Avenue",Enim.com,YELLOW;INDIGO;
Lobortis Nisi Consulting,88783,8676 Donec Rd.,Lobortis.com,RED;BLUE;VIOLET;
Et Ultrices PC,27621,Ap #347-6164 Lacus Ave,Et.com,GREEN;INDIGO;
Nullam Nisl Maecenas Company,33154,"Ap #842-1641 Ut, Street",Nullam.com,GREEN;BLUE;
Imperdiet Dictum Magna Institute,85761,"P.O. Box 678, 4517 Pede Rd.",Imperdiet.com,GREEN;VIOLET;
Ut Sagittis LLC,62486,134-1947 Nisl Ave,Ut.com,GREEN;VIOLET;
A LLP,25576,"Ap #955-1691 Non, St.",A.com,ORANGE;
Cum Sociis PC,24471,816-4799 Arcu. Ave,Cum.com,ORANGE;VIOLET;
Natoque Penatibus Corp.,40145,Ap #298-7060 Nulla Avenue,Natoque.com,BLUE;INDIGO;
Nunc Lectus Pede Consulting,66478,Ap #747-7031 Tempor Rd.,Nunc.com,RED;YELLOW;BLUE;
Ac Orci Associates,31225,"P.O. Box 826, 9337 Ac Rd.",Ac.com,ORANGE;BLUE;VIOLET;
Mauris Vestibulum Industries,15226,Ap #934-521 Dolor Street,Mauris.com,ORANGE;BLUE;INDIGO;
Aliquam Adipiscing Consulting,31672,Ap #182-3171 Euismod Ave,Aliquam.com,RED;ORANGE;GREEN;
Nec Enim Company,91873,346-940 Sem St.,Nec.com,ORANGE;INDIGO;
Vulputate Eu Company,14265,Ap #536-5030 Accumsan Street,Vulputate.com,YELLOW;INDIGO;
Orci Consectetuer Euismod Incorporated,47792,219-8969 Nullam Avenue,Orci.com,ORANGE;YELLOW;BLUE;
Magnis Dis Inc.,52198,238-3511 Orci Road,Magnis.com,YELLOW;GREEN;
Feugiat Ltd,11500,Ap #992-1744 Luctus St.,Feugiat.com,RED;YELLOW;GREEN;
Ullamcorper Duis Foundation,28543,"2462 Tempus, Avenue",Ullamcorper.com,ORANGE;
Arcu Ltd,80473,778-9543 Lectus St.,Arcu.com,GREEN;BLUE;VIOLET;
Donec Est Industries,71146,260 Sit Rd.,Donec.com,ORANGE;YELLOW;BLUE;
Morbi Sit Inc.,87352,682-1548 Tortor Road,Morbi.com,VIOLET;
Cras Dolor LLC,41275,Ap #160-6135 Aliquam Rd.,Cras.com,GREEN;INDIGO;VIOLET;
Et Malesuada Corporation,88406,179-2076 Magnis Street,Et.com,YELLOW;
Pede Nonummy Ltd,49673,"P.O. Box 164, 8496 Leo Road",Pede.com,ORANGE;BLUE;
Fusce Consulting,50157,505-4972 Ac Rd.,Fusce.com,ORANGE;BLUE;INDIGO;VIOLET;
Mauris Inc.,73574,Ap #223-3775 Ante. Ave,Mauris.com,BLUE;INDIGO;VIOLET;
Montes Nascetur Institute,68239,423-1884 Ut Av.,Montes.com,RED;YELLOW;
Phasellus Ornare Limited,74117,Ap #279-5146 Curabitur Avenue,Phasellus.com,RED;BLUE;VIOLET;
Sed LLC,94459,"P.O. Box 353, 2162 Vulputate Street",Sed.com,ORANGE;BLUE;VIOLET;
Eget Volutpat PC,33947,415-3070 Aenean Rd.,Eget.com,RED;INDIGO;
Vitae Aliquam LLP,95723,301-3417 Ridiculus Rd.,Vitae.com,RED;ORANGE;
Eget Varius Ultrices Corporation,99762,"P.O. Box 180, 2504 Dictum Road",Eget.com,YELLOW;GREEN;BLUE;VIOLET;
Fermentum Arcu LLP,61263,Ap #105-7744 Nascetur St.,Fermentum.com,INDIGO;
Aliquet Odio Etiam Limited,77244,Ap #252-6650 Nisi Street,Aliquet.com,ORANGE;YELLOW;
Aliquam Eu Industries,41793,6743 Ligula. Street,Aliquam.com,RED;VIOLET;
Varius Et Euismod Associates,46873,2494 Tempor Road,Varius.com,ORANGE;GREEN;BLUE;INDIGO;
Ornare Placerat Inc.,46841,"P.O. Box 728, 2135 Eu St.",Ornare.com,GREEN;BLUE;VIOLET;
Lobortis Tellus Justo Industries,85246,Ap #324-2286 Vivamus Ave,Lobortis.com,RED;GREEN;BLUE;INDIGO;
Dui LLC,54147,252-5619 Purus. Ave,Dui.com,ORANGE;YELLOW;BLUE;VIOLET;
Vulputate Dui Incorporated,37666,1754 Pretium Ave,Vulputate.com,ORANGE;YELLOW;
Ornare Limited,48759,Ap #372-5281 Iaculis St.,Ornare.com,ORANGE;
Elementum Dui Associates,21568,Ap #447-1577 Ac Av.,Elementum.com,BLUE;VIOLET;
Ridiculus Mus Proin Corporation,72076,348-5271 Velit. St.,Ridiculus.com,INDIGO;VIOLET;
Amet Ultricies Sem Incorporated,75353,677-3733 Nec Avenue,Amet.com,INDIGO;VIOLET;
Mauris Foundation,38795,Ap #890-527 Nunc. Rd.,Mauris.com,INDIGO;
Sed Inc.,14741,515 Sagittis Rd.,Sed.com,RED;BLUE;
Enim Nisl PC,43531,"P.O. Box 289, 7276 Nec, St.",Enim.com,YELLOW;INDIGO;VIOLET;
Iaculis Aliquet Corporation,27475,2521 Nec St.,Iaculis.com,RED;ORANGE;BLUE;
Egestas Lacinia Sed LLP,77473,Ap #129-2672 Vitae Avenue,Egestas.com,RED;YELLOW;BLUE;INDIGO;
Malesuada Vel Corporation,72462,"Ap #814-4636 Sem, Ave",Malesuada.com,YELLOW;VIOLET;
Quam Vel Sapien Institute,28786,9700 Lectus Ave,Quam.com,RED;ORANGE;BLUE;
Ligula Elit Pretium Ltd,61191,"P.O. Box 548, 5923 Elit. Street",Ligula.com,
Donec Elementum Company,72481,Ap #886-4693 Cras Rd.,Donec.com,RED;ORANGE;
Fermentum Associates,35141,"Ap #404-1455 Consequat, St.",Fermentum.com,YELLOW;GREEN;BLUE;VIOLET;
Montes Nascetur Ridiculus Limited,36430,864-3645 Eu Av.,Montes.com,RED;ORANGE;
Metus Eu Erat Institute,58632,299-8050 Sodales St.,Metus.com,ORANGE;YELLOW;INDIGO;
Malesuada Ut Consulting,81722,"Ap #902-2254 Non, Ave",Malesuada.com,ORANGE;
Lectus Incorporated,52861,251-3503 Magna Avenue,Lectus.com,ORANGE;GREEN;BLUE;
Mi Lacinia Inc.,85734,192-8271 Dui Avenue,Mi.com,YELLOW;VIOLET;
Lobortis Class Aptent Institute,88613,"P.O. Box 698, 6702 Vel, St.",Lobortis.com,YELLOW;GREEN;
Velit Dui Corp.,46746,"P.O. Box 249, 2132 A, Ave",Velit.com,GREEN;INDIGO;VIOLET;
Dictum Placerat Augue Corporation,86636,"P.O. Box 190, 2544 Parturient Avenue",Dictum.com,BLUE;
Bibendum Donec Associates,83770,"P.O. Box 554, 6476 Quisque Rd.",Bibendum.com,ORANGE;BLUE;INDIGO;
Parturient Montes Nascetur Incorporated,41154,"P.O. Box 774, 2481 Nunc Avenue",Parturient.com,